dataflow_in_loop_l_ni_1_U0,indvars_iv26_c_U,,chan_status1.csv
dataflow_in_loop_l_ni_1_U0,local_C_0_7_U,,chan_status2.csv
dataflow_in_loop_l_ni_1_U0,local_C_0_6_U,,chan_status3.csv
dataflow_in_loop_l_ni_1_U0,local_C_0_5_U,,chan_status4.csv
dataflow_in_loop_l_ni_1_U0,local_C_0_4_U,,chan_status5.csv
dataflow_in_loop_l_ni_1_U0,local_C_0_3_U,,chan_status6.csv
dataflow_in_loop_l_ni_1_U0,local_C_0_2_U,,chan_status7.csv
dataflow_in_loop_l_ni_1_U0,local_C_0_1_U,,chan_status8.csv
dataflow_in_loop_l_ni_1_U0,local_C_0_U,,chan_status9.csv
dataflow_in_loop_l_ni_1_U0.systolic_tile_modulate_U0,A_fifo_U,,chan_status10.csv
dataflow_in_loop_l_ni_1_U0.systolic_tile_modulate_U0,B_fifo_U,,chan_status11.csv
dataflow_in_loop_l_ni_1_U0.systolic_tile_modulate_U0,B_fifo_2_U,,chan_status12.csv
dataflow_in_loop_l_ni_1_U0.systolic_tile_modulate_U0,B_fifo_4_U,,chan_status13.csv
dataflow_in_loop_l_ni_1_U0.systolic_tile_modulate_U0,B_fifo_6_U,,chan_status14.csv
dataflow_in_loop_l_ni_1_U0.systolic_tile_modulate_U0,B_fifo_8_U,,chan_status15.csv
dataflow_in_loop_l_ni_1_U0.systolic_tile_modulate_U0,B_fifo_10_U,,chan_status16.csv
dataflow_in_loop_l_ni_1_U0.systolic_tile_modulate_U0,B_fifo_12_U,,chan_status17.csv
dataflow_in_loop_l_ni_1_U0.systolic_tile_modulate_U0,B_fifo_14_U,,chan_status18.csv
dataflow_in_loop_l_ni_1_U0.systolic_tile_modulate_U0,A_fifo_1_U,,chan_status19.csv
dataflow_in_loop_l_ni_1_U0.systolic_tile_modulate_U0,B_fifo_1_U,,chan_status20.csv
dataflow_in_loop_l_ni_1_U0.systolic_tile_modulate_U0,A_fifo_2_U,,chan_status21.csv
dataflow_in_loop_l_ni_1_U0.systolic_tile_modulate_U0,B_fifo_3_U,,chan_status22.csv
dataflow_in_loop_l_ni_1_U0.systolic_tile_modulate_U0,A_fifo_3_U,,chan_status23.csv
dataflow_in_loop_l_ni_1_U0.systolic_tile_modulate_U0,B_fifo_5_U,,chan_status24.csv
dataflow_in_loop_l_ni_1_U0.systolic_tile_modulate_U0,A_fifo_4_U,,chan_status25.csv
dataflow_in_loop_l_ni_1_U0.systolic_tile_modulate_U0,B_fifo_7_U,,chan_status26.csv
dataflow_in_loop_l_ni_1_U0.systolic_tile_modulate_U0,A_fifo_5_U,,chan_status27.csv
dataflow_in_loop_l_ni_1_U0.systolic_tile_modulate_U0,B_fifo_9_U,,chan_status28.csv
dataflow_in_loop_l_ni_1_U0.systolic_tile_modulate_U0,A_fifo_6_U,,chan_status29.csv
dataflow_in_loop_l_ni_1_U0.systolic_tile_modulate_U0,B_fifo_11_U,,chan_status30.csv
dataflow_in_loop_l_ni_1_U0.systolic_tile_modulate_U0,A_fifo_7_U,,chan_status31.csv
dataflow_in_loop_l_ni_1_U0.systolic_tile_modulate_U0,B_fifo_13_U,,chan_status32.csv
dataflow_in_loop_l_ni_1_U0.systolic_tile_modulate_U0,A_fifo_8_U,,chan_status33.csv
dataflow_in_loop_l_ni_1_U0.systolic_tile_modulate_U0,B_fifo_15_U,,chan_status34.csv
