,l_ni,df_loop_status1.csv
dataflow_in_loop_l_ni_1_U0.dataflow_in_loop_l_ni_1_Loop_l_load_A_tile_ak_proc_U0.grp_dataflow_in_loop_l_ni_1_Loop_l_load_A_tile_ak_proc_Pipeline_l_load_A_tile_ak_fu_50,l_load_A_tile_ak,upc_loop_status1.csv
dataflow_in_loop_l_ni_1_U0.dataflow_in_loop_l_ni_1_Loop_l_load_B_tile_bk_proc_U0,l_load_B_tile_bk_l_bj,upc_loop_status2.csv
dataflow_in_loop_l_ni_1_U0.systolic_tile_modulate_U0.systolic_tile_modulate_Loop_l_data_load_k8_proc21_U0,l_data_load_k8_l_S_n_1_n,upc_loop_status3.csv
dataflow_in_loop_l_ni_1_U0.systolic_tile_modulate_U0.PE_kernel_modulate_0_0_1_U0,l_S_k_0_k,pp_loop_status1.csv
dataflow_in_loop_l_ni_1_U0.systolic_tile_modulate_U0.PE_kernel_modulate_1_0_1_U0,l_S_k_0_k1,pp_loop_status2.csv
dataflow_in_loop_l_ni_1_U0.systolic_tile_modulate_U0.PE_kernel_modulate_2_0_1_U0,l_S_k_0_k2,pp_loop_status3.csv
dataflow_in_loop_l_ni_1_U0.systolic_tile_modulate_U0.PE_kernel_modulate_3_0_1_U0,l_S_k_0_k3,pp_loop_status4.csv
dataflow_in_loop_l_ni_1_U0.systolic_tile_modulate_U0.PE_kernel_modulate_4_0_1_U0,l_S_k_0_k4,pp_loop_status5.csv
dataflow_in_loop_l_ni_1_U0.systolic_tile_modulate_U0.PE_kernel_modulate_5_0_1_U0,l_S_k_0_k5,pp_loop_status6.csv
dataflow_in_loop_l_ni_1_U0.systolic_tile_modulate_U0.PE_kernel_modulate_6_0_1_U0,l_S_k_0_k6,pp_loop_status7.csv
dataflow_in_loop_l_ni_1_U0.systolic_tile_modulate_U0.PE_kernel_modulate_7_0_1_U0,l_S_k_0_k7,pp_loop_status8.csv
dataflow_in_loop_l_ni_1_U0.systolic_tile_modulate_U0.systolic_tile_modulate_Loop_l_data_drain_k9_proc22_U0,l_data_drain_k9_l_S_n_5_n1,upc_loop_status4.csv
dataflow_in_loop_l_ni_1_U0.dataflow_in_loop_l_ni_1_Loop_l_store_C_tile_sj_proc_U0.grp_dataflow_in_loop_l_ni_1_Loop_l_store_C_tile_sj_proc_Pipeline_l_store_C_tile_sj_fu_104,l_store_C_tile_sj,upc_loop_status5.csv
