,dataflow_in_loop_l_ni_1_U0,,status1.csv
dataflow_in_loop_l_ni_1_U0,dataflow_in_loop_l_ni_1_Loop_l_load_A_tile_ak_proc_U0,,status2.csv
dataflow_in_loop_l_ni_1_U0,dataflow_in_loop_l_ni_1_Loop_l_load_B_tile_bk_proc_U0,,status3.csv
dataflow_in_loop_l_ni_1_U0,systolic_tile_modulate_U0,,status4.csv
dataflow_in_loop_l_ni_1_U0.systolic_tile_modulate_U0,systolic_tile_modulate_Loop_l_data_load_k8_proc21_U0,,status5.csv
dataflow_in_loop_l_ni_1_U0.systolic_tile_modulate_U0,PE_kernel_modulate_0_0_1_U0,,status6.csv
dataflow_in_loop_l_ni_1_U0.systolic_tile_modulate_U0,PE_kernel_modulate_1_0_1_U0,,status7.csv
dataflow_in_loop_l_ni_1_U0.systolic_tile_modulate_U0,PE_kernel_modulate_2_0_1_U0,,status8.csv
dataflow_in_loop_l_ni_1_U0.systolic_tile_modulate_U0,PE_kernel_modulate_3_0_1_U0,,status9.csv
dataflow_in_loop_l_ni_1_U0.systolic_tile_modulate_U0,PE_kernel_modulate_4_0_1_U0,,status10.csv
dataflow_in_loop_l_ni_1_U0.systolic_tile_modulate_U0,PE_kernel_modulate_5_0_1_U0,,status11.csv
dataflow_in_loop_l_ni_1_U0.systolic_tile_modulate_U0,PE_kernel_modulate_6_0_1_U0,,status12.csv
dataflow_in_loop_l_ni_1_U0.systolic_tile_modulate_U0,PE_kernel_modulate_7_0_1_U0,,status13.csv
dataflow_in_loop_l_ni_1_U0.systolic_tile_modulate_U0,systolic_tile_modulate_Loop_l_data_drain_k9_proc22_U0,,status14.csv
dataflow_in_loop_l_ni_1_U0,dataflow_in_loop_l_ni_1_Loop_l_store_C_tile_sj_proc_U0,,status15.csv
,AESL_inst_systolic_modulate,,module_status1.csv
dataflow_in_loop_l_ni_1_U0.dataflow_in_loop_l_ni_1_Loop_l_load_A_tile_ak_proc_U0,grp_dataflow_in_loop_l_ni_1_Loop_l_load_A_tile_ak_proc_Pipeline_l_load_A_tile_ak_fu_50,,module_status2.csv
dataflow_in_loop_l_ni_1_U0.dataflow_in_loop_l_ni_1_Loop_l_store_C_tile_sj_proc_U0,grp_dataflow_in_loop_l_ni_1_Loop_l_store_C_tile_sj_proc_Pipeline_l_store_C_tile_sj_fu_104,,module_status3.csv
